OFC_CD,OFC_ENG_NM,PRNT_OFC_CD,CRE_DT,CRE_USR_ID,UPD_DT,UPD_USR_ID,DELT_FLG
BLMBA,"WILSON SONS AGENCIA MARITIMA LTDA, BELEM",SAOBB,2021-03-20T05:58:18,sabrina.brito@one-line.com,2021-03-20T05:58:18,sabrina.brito@one-line.com,N
TUXBA,"MERITUS HOLDINGS, S.A. DE C.V.",MEXBB,2018-08-15T22:35:43,renan.mendonca@one-line.com,2019-03-05T02:35:25,astrid.ramos@one-line.com,N
TUXBB,"MERITUS HOLDINGS, S.A. DE C.V.",MEXBB,2018-08-15T22:18:20,renan.mendonca@one-line.com,2022-10-19T18:57:10,tom.waller@one-line.com,Y
SFSBA,WILSON SONS AGÊNCIA MARÍTIMA LTDA - SAO FRANCISCO DO SUL,SAOBB,2019-10-15T01:45:52,sabrina.brito@one-line.com,2019-10-15T01:45:52,sabrina.brito@one-line.com,N
BRGBA,TRANSNEPAL FREIGHT SERVICES PVT. LTD.,MUMBB,2019-10-15T10:40:24,angie.tan@one-line.com,2019-10-16T13:53:46,angie.tan@one-line.com,N
CJBBA,WESTSHIP LOGISTICS PVT LTD,MUMBB,2020-04-28T13:17:16,angie.tan@one-line.com,2021-10-22T11:01:24,jinzhuang.pang@one-line.com,N
ALJBA,SARL ROMEU ALGERIE,LONHQ,2020-02-16T19:30:56,koray.mertler@one-line.com,2021-12-13T19:03:24,james.neligan@one-line.com,N
SPOBB,OCEAN NETWORK EXPRESS (LATINA) LTDA. - SAO PAULO (PPA),SAOHQ,2021-06-17T21:35:31,sergio.marques@one-line.com,2023-04-04T00:43:15,gabriele.oliveira@one-line.com,N
MUCBB,OCEAN NETWORK EXPRESS (EUROPE) LTD. GERMANY BRANCH - MUNICH,HAMBB,2023-07-12T18:47:39,james.neligan@one-line.com,2023-07-20T10:23:37,christopher.gan@one-line.com,N
DAKBA,R-LOGISTIC SENEGAL,LONHQ,2023-07-18T17:45:42,koray.mertler@one-line.com,2023-10-24T22:16:10,daniel.bateman@one-line.com,N
COTBA,R-LOGISTIC BENIN SA,LONHQ,2023-07-18T17:52:38,koray.mertler@one-line.com,2023-10-24T22:15:53,daniel.bateman@one-line.com,N
JPNBB,OCEAN NETWORK EXPRESS (NORTH AMERICA) INC.,RICHQ,2018-05-26T03:54:40,rachel.estes@one-line.com,2023-10-16T13:32:14,christopher.gan@one-line.com,Y
VTZBA,UNITED LINER SHIPPING SERVICES LLP,MUMBB,2018-03-22T11:02:15,angie.tan@one-line.com,2021-10-22T11:02:28,jinzhuang.pang@one-line.com,N
MACBA,AGENCIA DE NAVEGACAO KA FUNG LDA,HKGHQ,2018-03-06T16:19:38,gerard.tay@one-line.com,2018-03-13T15:13:16,gerard.tay@one-line.com,N
SWABA,TRANSOCEAN SHIPPING AGENCY CO. LTD,SZPBB,2018-03-09T08:17:22,gerard.tay@one-line.com,2018-04-24T13:54:13,phoebe.tse@one-line.com,N
JIXBB,OCEAN NETWORK EXPRESS (CHINA) LTD. - JIAXING,NBOBB,2018-03-02T11:09:44,gerard.tay@one-line.com,2020-06-29T16:32:00,phoebe.tse@one-line.com,N
TEMBA,OCEAN NETWORK EXPRESS (GHANA) LIMITED,LONHQ,2018-03-29T18:49:26,clair.willis@one-line.com,2019-08-30T16:55:52,maria.godinho@one-line.com,N
ADDBA,CLS LOGISTICS - ADDIS ABABA - ETHIOPIA,LONHQ,2018-03-09T23:27:14,clair.willis@one-line.com,2019-10-21T21:59:07,james.neligan@one-line.com,N
JIBBA,EAST AFRICA COMMERCIAL SHIPPING,LONHQ,2018-03-09T23:31:20,clair.willis@one-line.com,2022-02-23T18:09:31,maria.godinho@one-line.com,N
ABJBA,MOL COTE DIVOIRE,LONHQ,2018-03-20T23:38:50,clair.willis@one-line.com,2018-03-27T18:26:31,clair.willis@one-line.com,Y
ALGBA,"TRANSPORTES Y CONSIGNACIONES MARITIMAS, SA - ALGECIRAS - SPAIN",BCNBB,2018-03-27T23:45:15,clair.willis@one-line.com,2021-05-28T19:43:26,james.neligan@one-line.com,Y
PAIBA,"MERCATOR PERU, PAITA",LIMBB,2018-03-27T21:43:03,thiago.fernandes@one-line.com,2023-09-26T22:11:36,vitor.monteiro@one-line.com,Y
CLLBA,"MERCATOR PERU, CALLAO",LIMBB,2018-03-27T21:39:23,thiago.fernandes@one-line.com,2023-09-26T22:10:55,vitor.monteiro@one-line.com,Y
YGNBA,ONE OCEAN NETWORK EXPRESS (MYANMAR) LTD - YANGON,SINHQ,2018-03-19T14:18:32,angie.tan@one-line.com,2018-04-23T10:31:32,angie.tan@one-line.com,Y
SINHO,Ocean Network Express Pte. Ltd.,,2018-02-06T08:48:00,MIGUSER,2018-02-06T08:48:00,MIGUSER,N
SINHQ,Ocean Network Express Pte. Ltd.,SINHO,2018-02-06T08:48:00,MIGUSER,2018-02-07T15:55:36,CLTOPER,N
SINBA,Ocean Network Express (Singapore) Pte. Ltd. - Sing,SINHQ,2018-02-06T08:48:00,MIGUSER,2018-02-09T11:06:10,phoebe.tse@one-line.com,N
SINBB,Ocean Network Express (Singapore) Pte. Ltd.,SINHQ,2018-02-06T08:48:00,MIGUSER,2022-05-10T12:32:19,zac.kan@one-line.com,N
RICHQ,Ocean Network Express (North America) Inc.,SINHO,2018-02-06T08:48:00,MIGUSER,2018-03-08T10:15:22,phoebe.tse@one-line.com,N
HNLBA,"INCHCAPE SHIPPING SERVICES ., HONOLULU",RICBB,2018-02-06T08:48:00,MIGUSER,2018-04-30T12:28:34,angie.tan@one-line.com,N
NORBB,OCEAN NETWORK EXPRESS (NORTH AMERICA) INC.,NYCBB,2018-02-06T08:48:00,MIGUSER,2018-04-30T22:05:51,qinying.shum@one-line.com,N
SFOBB,Ocean Network Express (North America) Inc.,LAXBB,2018-02-06T08:48:00,MIGUSER,2018-04-30T22:22:23,qinying.shum@one-line.com,N
HOUBB,OCEAN NETWORK EXPRESS (NORTH AMERICA) INC.,NYCBB,2018-02-06T08:48:00,MIGUSER,2018-04-30T22:08:46,qinying.shum@one-line.com,N
NYCBB,Ocean Network Express (North America) Inc.,RICHQ,2018-02-06T08:48:00,MIGUSER,2020-03-27T20:38:20,rachelle.mercado@one-line.com,N
ATLBB,Ocean Network Express (North America) Inc.,NYCBB,2018-02-06T08:48:00,MIGUSER,2020-01-17T00:34:06,rachel.estes@one-line.com,N
LAXBB,Ocean Network Express (North America) Inc.,RICHQ,2018-02-06T08:48:00,MIGUSER,2020-01-17T00:34:46,rachel.estes@one-line.com,N
CLTBB,OCEAN NETWORK EXPRESS (NORTH AMERICA) INC.,NYCBB,2018-02-06T08:48:00,MIGUSER,2018-04-30T22:16:21,qinying.shum@one-line.com,N
BOSBB,OCEAN NETWORK EXPRESS (NORTH AMERICA) INC.,NYCBB,2018-02-06T08:48:00,MIGUSER,2018-04-30T22:13:16,qinying.shum@one-line.com,N
MIABB,OCEAN NETWORK EXPRESS (NORTH AMERICA) INC.,NYCBB,2018-02-06T08:48:00,MIGUSER,2018-04-30T22:07:20,qinying.shum@one-line.com,N
CONBB,OCEAN NETWORK EXPRESS (NORTH AMERICA) INC.,NYCBB,2018-02-06T08:48:00,MIGUSER,2018-04-30T22:04:23,qinying.shum@one-line.com,N
SEABB,Ocean Network Express (North America) Inc.,LAXBB,2018-02-06T08:48:00,MIGUSER,2018-04-30T18:26:13,qinying.shum@one-line.com,N
RICBB,Ocean Network Express (North America) Inc.,RICHQ,2018-02-06T08:48:00,MIGUSER,2021-11-13T03:50:16,jamie.lambson@one-line.com,N
BOIBB,Ocean Network Express (North America) Inc.,LAXBB,2018-02-06T08:48:00,MIGUSER,2020-06-24T10:06:25,mayur.botadra@one-line.com,N
CHIBB,Ocean Network Express (North America) Inc.,RICHQ,2018-02-06T08:48:00,MIGUSER,2018-05-03T23:26:58,pushkar.goel@one-line.com,N
CLEBB,OCEAN NETWORK EXPRESS (NORTH AMERICA) INC.,CHIBB,2018-02-06T08:48:00,MIGUSER,2018-04-30T22:11:45,qinying.shum@one-line.com,N
BALBB,OCEAN NETWORK EXPRESS (NORTH AMERICA) INC.,NYCBB,2018-02-06T08:48:00,MIGUSER,2018-04-30T22:14:54,qinying.shum@one-line.com,N
BUEBB,OCEAN NETWORK EXPRESS ARGENTINA S.A.,SAOHQ,2018-02-06T08:48:00,MIGUSER,2023-09-19T03:35:42,larissa.penafiel@one-line.com,N
PLBBA,MERCATOR BOLIVIA OPERADOR LOGISTICO S.A.,SAOHQ,2018-02-06T08:48:00,MIGUSER,2023-09-19T03:36:11,larissa.penafiel@one-line.com,N
BELBB,OCEAN NETWORK EXPRESS (LATINA) LTDA - BELEM,SAOBB,2018-02-06T08:48:00,MIGUSER,2018-04-30T16:58:47,phoebe.tse@one-line.com,N
CWBBB,OCEAN NETWORK EXPRESS (LATINA) LTDA. - CURITIBA,SAOBB,2018-02-06T08:48:00,MIGUSER,2018-05-02T20:47:29,phoebe.tse@one-line.com,N
FORBA,"WILSON SONS AGENCIA MARITIMA, FORTALEZA",SAOBB,2018-02-06T08:48:00,MIGUSER,2018-05-04T23:39:00,phoebe.tse@one-line.com,N
ITJBB,OCEAN NETWORK EXPRESS (LATINA) LTDA. - ITAJAI,SAOBB,2018-02-06T08:48:00,MIGUSER,2018-05-02T20:47:42,phoebe.tse@one-line.com,N
MAOBB,OCEAN NETWORK EXPRESS (LATINA) LTDA. - MANAUS,SAOBB,2018-02-06T08:48:00,MIGUSER,2018-04-04T20:53:11,alessandra.tamashiro@one-line.com,N
PNGBA,"WILSON SONS AGENCIA MARITIMA, PARANAGUA",SAOBB,2018-02-06T08:48:00,MIGUSER,2018-05-04T23:39:17,phoebe.tse@one-line.com,N
RIGBA,"WILSON SONS AGENCIA MARÍTIMA, RIO GRANDE",SAOBB,2018-02-06T08:48:00,MIGUSER,2019-09-04T01:13:10,sabrina.brito@one-line.com,N
RIOBA,"WILSON SONS AGENCIA MARITIMA, RIO DE JANEIRO",SAOBB,2018-02-06T08:48:00,MIGUSER,2018-05-04T23:39:42,phoebe.tse@one-line.com,N
SAOBB,OCEAN NETWORK EXPRESS (LATINA) LTDA. - SAO PAULO,SAOHQ,2018-02-06T08:48:00,MIGUSER,2023-09-19T03:36:47,larissa.penafiel@one-line.com,N
LAGBA,"SERVINAVE,C.A., LA GUAIRA",CCSBA,2018-02-06T08:48:00,MIGUSER,2018-02-21T22:01:56,giovana.monteiro@one-line.com,N
SAOHQ,OCEAN NETWORK EXPRESS (LATINA) LTDA. - SAO PAULO,SINHO,2018-02-06T08:48:00,MIGUSER,2023-12-07T22:11:07,vitor.monteiro@one-line.com,N
SSABA,"WILSON SONS AGENCIA MARITIMA, SALVADOR",SAOBB,2018-02-06T08:48:00,MIGUSER,2020-06-24T03:27:59,mariana.martelli@one-line.com,N
SSZBB,OCEAN NETWORK EXPRESS (LATINA) LTDA. - SANTOS,SAOBB,2018-02-06T08:48:00,MIGUSER,2020-02-27T22:19:23,sabrina.brito@one-line.com,N
SUABA,"WILSON SONS, SUAPE",SAOBB,2018-02-06T08:48:00,MIGUSER,2018-05-04T23:40:03,phoebe.tse@one-line.com,N
MONBB,OCEAN NETWORK EXPRESS (CANADA) INC.,TORBB,2018-02-06T08:48:00,MIGUSER,2020-06-25T04:44:17,rachel.estes@one-line.com,N
VANBB,Ocean Network Express (Canada) Inc.,LAXBB,2018-02-06T08:48:00,MIGUSER,2020-12-18T03:59:19,rachelle.mercado@one-line.com,N
HALBB,OCEAN NETWORK EXPRESS (CANADA) INC.,TORBB,2018-02-06T08:48:00,MIGUSER,2020-06-25T04:45:15,rachel.estes@one-line.com,N
TORBB,Ocean Network Express (Canada) Inc.,RICHQ,2018-02-06T08:48:00,MIGUSER,2021-11-13T03:49:50,jamie.lambson@one-line.com,N
IQQBB,OCEAN NETWORK EXPRESS (CHILE) SPA. IQUIQUE,SCLBB,2018-02-06T08:48:00,MIGUSER,2020-06-24T02:56:57,mariana.martelli@one-line.com,N
VAPBB,OCEAN NETWORK EXPRESS CHILE SPA. VALPARAISO,SCLBB,2018-02-06T08:48:00,MIGUSER,2020-06-24T02:57:53,mariana.martelli@one-line.com,N
CCPBB,OCEAN NETWORK EXPRESS (CHILE) SPA. CONCEPCION,SCLBB,2018-02-06T08:48:00,MIGUSER,2020-06-24T02:59:09,mariana.martelli@one-line.com,N
SCLBB,OCEAN NETWORK EXPRESS (CHILE) SPA. SANTIAGO,SAOHQ,2018-02-06T08:48:00,MIGUSER,2023-09-19T03:37:20,larissa.penafiel@one-line.com,N
BOGBB,OCEAN NETWORK EXPRESS COLOMBIA - ONE COLOMBIA SAS,SAOHQ,2018-02-06T08:48:00,MIGUSER,2023-09-19T03:38:32,larissa.penafiel@one-line.com,N
CTGBA,GERLEINCO CARTAGENA,BOGBB,2018-02-06T08:48:00,MIGUSER,2020-06-24T03:01:39,mariana.martelli@one-line.com,N
BUNBA,COMPANIA TRANSPORTADORA BUENAVENTURA.,BOGBB,2018-02-06T08:48:00,MIGUSER,2018-04-30T18:48:25,qinying.shum@one-line.com,N
SJOBA,BARLOVENTO AGENCIA MARITIMA S.A.,SAOHQ,2018-02-06T08:48:00,MIGUSER,2023-09-19T03:39:00,larissa.penafiel@one-line.com,N
SDQBA,"AGENCIAS NAVIERAS RANNIK,  S.A.S",SAOHQ,2018-02-06T08:48:00,MIGUSER,2023-09-19T03:39:25,larissa.penafiel@one-line.com,N
GUABA,TRANSMARES INTERNATIONAL S.A. - GUATEMALA CITY,PRQBA,2018-02-06T08:48:00,MIGUSER,2023-09-19T03:40:37,larissa.penafiel@one-line.com,N
PRQBA,"TRANSMARES INTERNACIONAL, S.A - PUERTO QUETZAL",SAOHQ,2018-02-06T08:48:00,MIGUSER,2023-09-25T22:45:32,gabriele.oliveira@one-line.com,N
TGCBA,"SERVICIOS PORTUARIOS, S.A. DE C.V. (SEPOSA) TEGUCIGALPA",SLRBA,2018-02-06T08:48:00,MIGUSER,2023-09-19T03:41:35,larissa.penafiel@one-line.com,N
SLRBA,"SERVICIOS PORTUARIOS, S. A. DE C.V. (SEPOSA)",SAOHQ,2018-02-06T08:48:00,MIGUSER,2023-09-19T03:42:10,larissa.penafiel@one-line.com,N
SAPBA,"SERVICIOS PORTUARIOS, S. A. DE C.V. (SEPOSA)",SLRBA,2018-02-06T08:48:00,MIGUSER,2020-06-26T06:20:00,mariana.martelli@one-line.com,N
KINBA,PEREZ Y CIA (JAMAICA) LTD,SAOHQ,2018-02-06T08:48:00,MIGUSER,2023-09-19T03:42:37,larissa.penafiel@one-line.com,N
VERBA,"MERITUS HOLDINGS, S.A. DE C.V.",MEXBB,2018-02-06T08:48:00,MIGUSER,2019-07-24T00:11:02,mariana.romero@one-line.com,N
ZLOBB,"ONE OCEAN NETWORK EXPRESS SHIPPING MEXICO, S.A. DE C.V.",MEXBB,2018-02-06T08:48:00,MIGUSER,2020-06-25T00:02:10,astrid.ramos@one-line.com,N
ATMBA,"MERITUS HOLDINGS, S.A. DE C.V.",MEXBB,2018-02-06T08:48:00,MIGUSER,2019-03-05T02:30:04,astrid.ramos@one-line.com,N
GDLBB,"ONE OCEAN NETWORK EXPRESS SHIPPING MEXICO, S.A. DE C.V. GUADALAJARA",MEXBB,2018-02-06T08:48:00,MIGUSER,2023-01-18T22:25:19,sergio.marques@one-line.com,N
MEXBB,"ONE OCEAN NETWORK EXPRESS SHIPPING MEXICO, S.A. DE C.V. CIUDAD DE MEXICO",SAOHQ,2018-02-06T08:48:00,MIGUSER,2023-09-19T03:43:18,larissa.penafiel@one-line.com,N
LZCBA,"MERITUS HOLDINGS, S.A. DE C.V.",MEXBB,2018-02-06T08:48:00,MIGUSER,2019-03-05T02:31:56,astrid.ramos@one-line.com,N
ESEBA,"MERITUS HOLDINGS, S.A. DE C.V.",MEXBB,2018-02-06T08:48:00,MIGUSER,2019-03-05T02:31:07,astrid.ramos@one-line.com,N
MNGBA,"J. L. GRIFFITH SUCESORES, S. A., MANAGUA",SAOHQ,2018-02-06T08:48:00,MIGUSER,2023-09-19T03:43:34,larissa.penafiel@one-line.com,N
MITBB,OCEAN NETWORK EXPRESS (PANAMA),PANBB,2018-02-06T08:48:00,MIGUSER,2020-06-26T06:20:34,mariana.martelli@one-line.com,N
PANBA,OCEAN NETWORK EXPRESS (PANAMA) INC.,SAOHQ,2018-02-06T08:48:00,MIGUSER,2023-09-19T03:43:53,larissa.penafiel@one-line.com,N
PANBB,OCEAN NETWORK EXPRESS (PANAMA) INC.,SAOHQ,2018-02-06T08:48:00,MIGUSER,2018-04-10T04:20:04,alessandra.tamashiro@one-line.com,N
LIMBB,Ocean Network Express (Peru) S.A.C.,SAOHQ,2018-02-06T08:48:00,MIGUSER,2023-09-19T03:44:35,larissa.penafiel@one-line.com,N
SJUBA,CARIBE SHIPPING CO. INC,SAOHQ,2018-02-06T08:48:00,MIGUSER,2023-09-19T03:44:51,larissa.penafiel@one-line.com,N
ASUBA,TRANSMAR S.A.C.I.,SAOHQ,2018-02-06T08:48:00,MIGUSER,2023-09-19T03:44:07,larissa.penafiel@one-line.com,N
SALBA,COMPANIA MERCANTIL INTERCONTINENTAL S.A. DE C.V.,SAOHQ,2018-02-06T08:48:00,MIGUSER,2023-09-19T03:40:17,larissa.penafiel@one-line.com,N
PTSBA,MELVILLE SHIPPING,SAOHQ,2018-02-06T08:48:00,MIGUSER,2023-09-19T03:45:09,larissa.penafiel@one-line.com,N
MVDBB,Ocean Network Express (Uruguay),SAOHQ,2018-02-06T08:48:00,MIGUSER,2023-09-19T03:45:30,larissa.penafiel@one-line.com,N
CCSBA,"SERVINAVE,C.A., CARACAS",SAOHQ,2018-02-06T08:48:00,MIGUSER,2018-02-21T21:59:29,giovana.monteiro@one-line.com,N
PBLBA,"SERVINAVE,C.A., PUERTO CABELLO",CCSBA,2018-02-06T08:48:00,MIGUSER,2018-02-21T22:03:31,giovana.monteiro@one-line.com,N
PSUBA,"SERVINAVE,C.A., PUERTO SUCRE",CCSBA,2018-02-06T08:48:00,MIGUSER,2018-02-24T15:50:03,angie.tan@one-line.com,N
LONHQ,Ocean Network Express (Europe) Ltd. Ocean Network,SINHO,2018-02-06T08:48:00,MIGUSER,2019-06-24T22:10:45,maria.godinho@one-line.com,N
LONBB,OCEAN NETWORK EXPRESS (EUROPE) LTD.,LONHQ,2018-02-06T08:48:00,MIGUSER,2019-08-30T16:48:49,maria.godinho@one-line.com,N
IPSBB,OCEAN NETWORK EXPRESS (EUROPE) LTD. OCEAN NETWORK - IPSWICH,SOUBB,2018-02-06T08:48:00,MIGUSER,2019-10-03T21:56:32,hayley.burch@one-line.com,N
LIVBB,OCEAN NETWORK EXPRESS (EUROPE) LTD. OCEAN NETWORK - LIVERPOOL,SOUBB,2018-02-06T08:48:00,MIGUSER,2019-10-03T22:00:13,hayley.burch@one-line.com,N
RUSBB,OCEAN NETWORK EXPRESS (RUS) LLC,SPBBB,2018-02-06T08:48:00,MIGUSER,2020-01-24T17:43:13,stanley.colaco@one-line.com,N
SOUBB,OCEAN NETWORK EXPRESS (EUROPE) LTD. OCEAN NETWORK - UK -  SOUTHAMPTON,LONHQ,2018-02-06T08:48:00,MIGUSER,2019-10-21T18:07:48,james.neligan@one-line.com,N
VNABB,OCEAN NETWORK EXPRESS (EUROPE) LTD. AUSTRIA BRANCH - VIENNA,HAMBB,2018-02-06T08:48:00,MIGUSER,2019-10-21T18:10:19,james.neligan@one-line.com,N
ANRBB,OCEAN NETWORK EXPRESS (EUROPE) LTD. BELGIUM BRANCH,LONHQ,2018-02-06T08:48:00,MIGUSER,2020-11-03T20:01:47,james.neligan@one-line.com,N
VARBA,"TRANSTERRA LOGISTICS (BULGARIA) LTD, VARNA",LONHQ,2018-02-06T08:48:00,MIGUSER,2018-04-30T21:20:39,qinying.shum@one-line.com,N
COOBA,SOCOPAO BENIN - COTONOU,LONHQ,2018-02-06T08:48:00,MIGUSER,2023-07-18T17:52:02,koray.mertler@one-line.com,N
BASBB,"OCEAN NETWORK EXPRESS (EUROPE) LTD., ZWEIGNIEDERLASSUNG PRATTELN - BASEL - SWITZERLAND",HAMBB,2018-02-06T08:48:00,MIGUSER,2019-11-01T17:57:15,maria.godinho@one-line.com,N
ABJBB,"OCEAN NETWORK EXPRESS, IVORY COAST S.A",LONHQ,2018-02-06T08:48:00,MIGUSER,2020-05-16T16:08:36,koray.mertler@one-line.com,N
LMSBA,GAP VASSILOPOULOS  JAMES LOUISIDES LIMITED - LIMASSOL - CYPRUS,LONHQ,2018-02-06T08:48:00,MIGUSER,2022-06-20T23:31:30,james.neligan@one-line.com,N
PRGBB,OCEAN NETWORK EXPRESS (EUROPE) LTD. CZECH REPUBLIC - PRAGUE,HAMBB,2018-02-06T08:48:00,MIGUSER,2019-10-17T22:49:45,james.neligan@one-line.com,N
HAMBB,OCEAN NETWORK EXPRESS (EUROPE) LTD. GERMANY BRANCH - HAMBURG,LONHQ,2018-02-06T08:48:00,MIGUSER,2019-10-21T18:39:06,james.neligan@one-line.com,N
BREBB,Ocean Network Express (Europe) Ltd. Germany Branch,HAMBB,2018-02-06T08:48:00,MIGUSER,2018-02-12T23:45:48,greta.mccartin@one-line.com,N
DUSBB,Ocean Network Express (Europe) Ltd. Germany Branch,HAMBB,2018-02-06T08:48:00,MIGUSER,2021-12-08T23:17:48,james.neligan@one-line.com,N
STRBB,OCEAN NETWORK EXPRESS (EUROPE) LTD. GERMANY BRANCH - STUTTGART,HAMBB,2018-02-06T08:48:00,MIGUSER,2019-10-21T17:58:30,james.neligan@one-line.com,N
AARBB,OCEAN NETWORK EXPRESS (EUROPE) LTD. DENMARK FILIAL - AARHUS,GOTBB,2018-02-06T08:48:00,MIGUSER,2023-06-08T16:58:10,reuben.phillips@one-line.com,N
NOSBB,OCEAN NETWORK EXPRESS (NORWAY),GOTBB,2018-02-06T08:48:00,MIGUSER,2018-08-01T17:41:10,khalid.mahmood@one-line.com,N
TLLBA,TRANSOCEAN EESTI OU - TALLINN - ESTONIA,LONHQ,2018-02-06T08:48:00,MIGUSER,2022-11-01T07:27:21,koray.mertler@one-line.com,N
ALYBB,OCEAN NETWORK EXPRESS SHIPPING (EGYPT)- ALEXANDRIA,CAIBB,2018-02-06T08:48:00,MIGUSER,2021-08-13T23:18:40,nozomi.sato@one-line.com,N
CAIBB,OCEAN NETWORK EXPRESS SHIPPING (EGYPT) - CAIRO,LONHQ,2018-02-06T08:48:00,MIGUSER,2021-08-13T23:19:17,nozomi.sato@one-line.com,N
DAMBB,OCEAN NETWORK EXPRESS SHIPPING (EGYPT) - DAMIETTA,CAIBB,2018-02-06T08:48:00,MIGUSER,2021-08-13T23:20:14,nozomi.sato@one-line.com,N
EDKBB,Ocean Network Express Shipping (Egypt),CAIBB,2018-02-06T08:48:00,MIGUSER,2021-08-13T23:19:01,nozomi.sato@one-line.com,N
PSDBB,Ocean Network Express Shipping (Egypt) - SUEZ CANAL,CAIBB,2018-02-06T08:48:00,MIGUSER,2021-08-13T23:20:01,nozomi.sato@one-line.com,N
SUZBA,SUEZ,CAIBB,2018-02-06T08:48:00,MIGUSER,2018-04-30T20:52:58,qinying.shum@one-line.com,N
SUZBB,Ocean Network Express Shipping (Egypt),CAIBB,2018-02-06T08:48:00,MIGUSER,2021-08-13T23:19:30,nozomi.sato@one-line.com,N
ALGBB,OCEAN NETWORK EXPRESS (SPAIN) S.A. - ALGECIRAS,BCNBB,2018-02-06T08:48:00,MIGUSER,2021-07-13T18:56:20,nozomi.sato@one-line.com,N
BCNBB,OCEAN NETWORK EXPRESS (SPAIN) S.A. - BARCELONA,LONHQ,2018-02-06T08:48:00,MIGUSER,2021-07-13T18:56:49,nozomi.sato@one-line.com,N
BIOBB,OCEAN NETWORK EXPRESS (SPAIN) S.A. - BILBAO,BCNBB,2018-02-06T08:48:00,MIGUSER,2021-07-12T20:14:42,nozomi.sato@one-line.com,N
MADBB,OCEAN NETWORK EXPRESS (SPAIN) S.A. - MADRID,BCNBB,2018-02-06T08:48:00,MIGUSER,2021-07-13T18:58:44,nozomi.sato@one-line.com,N
VGOBB,OCEAN NETWORK EXPRESS (SPAIN) S.A. - VIGO,BCNBB,2018-02-06T08:48:00,MIGUSER,2021-07-13T19:00:30,nozomi.sato@one-line.com,N
VLCBB,OCEAN NETWORK EXPRESS (SPAIN) S.A. - VALENCIA,BCNBB,2018-02-06T08:48:00,MIGUSER,2021-07-13T19:01:31,nozomi.sato@one-line.com,N
HELBB,OCEAN NETWORK EXPRESS (EUROPE) LTD. FILIAL I FINLAND - HELSINKI,GOTBB,2018-02-06T08:48:00,MIGUSER,2019-10-21T17:59:30,james.neligan@one-line.com,N
LEHBB,OCEAN NETWORK EXPRESS (EUROPE) LTD. FRANCE BRANCH - LE HAVRE,LONHQ,2018-02-06T08:48:00,MIGUSER,2020-08-10T19:33:27,james.neligan@one-line.com,N
MRSBB,OCEAN NETWORK EXPRESS (EUROPE) LTD. FRANCE BRANCH - MARSEILLE,LEHBB,2018-02-06T08:48:00,MIGUSER,2020-08-10T19:34:14,james.neligan@one-line.com,N
PTIBA,WILHELMSEN PORT SERVICES GEORGIA LLC,LONHQ,2018-02-06T08:48:00,MIGUSER,2023-10-25T22:23:40,james.neligan@one-line.com,N
TEMBB,Ocean Network Express (Ghana) Limited,LONHQ,2018-02-06T08:48:00,MIGUSER,2019-08-30T16:56:16,maria.godinho@one-line.com,N
PIRBA,ENA SHIPPING AGENCY SA - PIRAEUS - GREECE,LONHQ,2018-02-06T08:48:00,MIGUSER,2019-10-21T21:50:09,james.neligan@one-line.com,N
SKGBA,ENA SHIPPING AGENCY S.A.- THESSALONIKI,PIRBA,2018-02-06T08:48:00,MIGUSER,2020-11-27T17:48:01,james.neligan@one-line.com,N
RJKBA,TRANSPORT I LOGISTIKA DRUSTVO S OGRANICENOM ODGOVO - CROATIA - RIJEKA,LONHQ,2018-02-06T08:48:00,MIGUSER,2022-01-20T23:13:37,james.neligan@one-line.com,N
BUDBB,OCEAN NETWORK EXPRESS (EUROPE) LTD. MAGYARORSZAGI - BUDAPEST - HUNGARY,HAMBB,2018-02-06T08:48:00,MIGUSER,2019-10-21T18:08:07,james.neligan@one-line.com,N
DUBBA,UNITED LINER AGENCY - DUBLIN - IRELAND,LONHQ,2018-02-06T08:48:00,MIGUSER,2020-03-30T18:29:23,james.neligan@one-line.com,N
TLVBA,CROWN SHIPPING LTD,HFABA,2018-02-06T08:48:00,MIGUSER,2021-11-05T17:29:30,maria.godinho@one-line.com,N
HFABA,CROWN SHIPPING LTD - HAIFA - ISRAEL,LONHQ,2018-02-06T08:48:00,MIGUSER,2019-10-21T18:40:57,james.neligan@one-line.com,N
GOABB,OCEAN NETWORK EXPRESS (EUROPE) LTD (ITALY BRANCH) - GENOA,LONHQ,2018-02-06T08:48:00,MIGUSER,2019-10-21T18:08:26,james.neligan@one-line.com,N
MBABA,EAST AFRICAN COMMERCIAL AND SHIPPING CO LTD - MOMBASA - KENYA,LONHQ,2018-02-06T08:48:00,MIGUSER,2023-01-27T19:10:27,james.neligan@one-line.com,N
BEYBA,SEANAUTICS SAL - BEIRUT - LEBANON,LONHQ,2018-02-06T08:48:00,MIGUSER,2019-10-21T21:58:30,james.neligan@one-line.com,N
MSUBA,CHARINA SHIPS AGENCY - MASERU - LESOTHO,LONHQ,2018-02-06T08:48:00,MIGUSER,2019-10-21T21:29:04,james.neligan@one-line.com,N
KLPBA,"UAB TRANSOCEAN LIETUVA, KLAIPEDA",LONHQ,2018-02-06T08:48:00,MIGUSER,2023-11-20T21:50:49,james.neligan@one-line.com,N
RIXBA,TRANSOCEAN LATVIA SIA - RIGA,LONHQ,2018-02-06T08:48:00,MIGUSER,2023-08-18T17:19:12,SPRJERT3,N
CASBA,UNIVERSAL SHIPPING - CASABLANCA - MOROCCO,LONHQ,2018-02-06T08:48:00,MIGUSER,2021-10-29T16:14:47,james.neligan@one-line.com,N
TUNBA,GLOBAL CONTAINER AGENCY TUNISIE,LONHQ,2018-02-06T08:48:00,MIGUSER,2020-09-21T17:17:59,stanley.colaco@one-line.com,N
TMMBA,EXAF - TAMATAVE - MADAGASCAR,LONHQ,2018-02-06T08:48:00,MIGUSER,2022-06-23T20:19:50,james.neligan@one-line.com,N
MTABA,"O. F. GOLLCHER  SONS LTD., VALLETTA - MALTA",LONHQ,2018-02-06T08:48:00,MIGUSER,2021-02-02T18:04:14,daniel.smart@one-line.com,N
LLWBA,CEVA LOGISTICS MALAWI LIMITED,LONHQ,2018-02-06T08:48:00,MIGUSER,2023-11-23T17:10:19,james.neligan@one-line.com,N
BEWBA,MANICA FREIGHT SERVICES (MOC) S.A. - MAPUTO - MOZAMBIQUE,LONHQ,2018-02-06T08:48:00,MIGUSER,2019-10-21T21:59:50,james.neligan@one-line.com,N
WVBBA,OCEAN LINER SERVICES (MANICA) - NAMIBIA,LONHQ,2018-02-06T08:48:00,MIGUSER,2019-10-21T21:27:41,james.neligan@one-line.com,N
LOSBB,OCEAN NETWORK EXPRESS (NIGERIA) LIMITED- LAGOS,LONHQ,2018-02-06T08:48:00,MIGUSER,2019-11-25T18:53:06,james.neligan@one-line.com,N
RTMBB,OCEAN NETWORK EXPRESS (NETHERLAND) B.V. - ROTTERDAM,LONHQ,2018-02-06T08:48:00,MIGUSER,2019-10-21T18:38:13,james.neligan@one-line.com,N
GDNBB,Ocean Network Express (Europe) Ltd. Spolka z ograniczona odpowiedzialnoscia Oddzial w Polsce,GDYBB,2018-02-06T08:48:00,MIGUSER,2018-02-12T23:52:40,greta.mccartin@one-line.com,N
GDYBB,OCEAN NETWORK EXPRESS (EUROPE) LTD. SPOLKA Z OGRANICZONA ODPOWIEDZIALNOSCIA ODDZIAL W POLSCE - GDYNI,HAMBB,2018-02-06T08:48:00,MIGUSER,2020-02-13T00:28:53,stanley.colaco@one-line.com,N
LISBB,OCEAN NETWORK EXPRESS PTE. LTD LISBON,OPOBB,2018-02-06T08:48:00,MIGUSER,2023-06-12T18:23:37,james.neligan@one-line.com,N
OPOBB,OCEAN NETWORK EXPRESS PTE. LTD OPORTO - PORTUGAL,LONHQ,2018-02-06T08:48:00,MIGUSER,2023-06-12T18:23:02,james.neligan@one-line.com,N
CNDBA,CONTAINER NETWORK AGENCY  S.R.L - CONSTANTA - ROMANIA,LONHQ,2018-02-06T08:48:00,MIGUSER,2019-10-21T21:26:51,james.neligan@one-line.com,N
NVSBA,"NOVO ORIENT AGENCY LLC, NOVOROSSIYSK - RUSSIA",SPBBB,2018-02-06T08:48:00,MIGUSER,2022-06-23T20:17:25,james.neligan@one-line.com,N
SPBBB,OCEAN NETWORK EXPRESS (RUS) LLC - ST. PETERSBURG,LONHQ,2018-02-06T08:48:00,MIGUSER,2019-10-21T18:09:10,james.neligan@one-line.com,N
MOWBB,OCEAN NETWORK EXPRESS (RUS) LLC - MOSCOW,SPBBB,2018-02-06T08:48:00,MIGUSER,2019-10-21T18:09:29,james.neligan@one-line.com,N
VVOBA,"ERMA SHIPPING CO. LTD., VLADIVOSTOK - RUSSIA",SPBBB,2018-02-06T08:48:00,MIGUSER,2022-06-20T23:35:12,james.neligan@one-line.com,N
GOTBB,OCEAN NETWORK EXPRESS (EUROPE) LTD. SWEDEN FILIAL - GOTHENBURG,LONHQ,2018-02-06T08:48:00,MIGUSER,2019-10-17T22:49:21,james.neligan@one-line.com,N
KOPBA,CENTRALOG D.O.O - KOPER - SLOVENIA,LONHQ,2018-02-06T08:48:00,MIGUSER,2022-01-20T23:14:01,james.neligan@one-line.com,N
DKRBA,SOCOPAO SENEGAL - DAKAR,LONHQ,2018-02-06T08:48:00,MIGUSER,2023-07-18T17:46:51,koray.mertler@one-line.com,N
LFWBA,R-LOGISTIC TOGO S.A,LONHQ,2018-02-06T08:48:00,MIGUSER,2020-06-01T23:52:41,koray.mertler@one-line.com,N
ISTBB,OCEAN NETWORK EXPRESS TURKEY (ISTANBUL) DENIZCILIK A.S.,LONHQ,2018-02-06T08:48:00,MIGUSER,2019-08-30T16:27:30,maria.godinho@one-line.com,N
IZMBB,OCEAN NETWORK EXPRESS TURKEY (IZMIR) DENIZCILIK A.S.,ISTBB,2018-02-06T08:48:00,MIGUSER,2018-06-13T00:44:00,sandy.dhanjal@one-line.com,N
MERBB,OCEAN NETWORK EXPRESS TURKEY (MERSIN) DENIZCILIK A.S.,ISTBA,2018-02-06T08:48:00,MIGUSER,2019-08-30T16:59:59,maria.godinho@one-line.com,N
DARBA,WOSAC LIMITIED - DAR ES SALAAM - TANZANIA,LONHQ,2018-02-06T08:48:00,MIGUSER,2019-10-21T21:49:22,james.neligan@one-line.com,N
ODSBA,"UNITED LINER AGENCY (UKRAINE), LTD - ODESSA",LONHQ,2018-02-06T08:48:00,MIGUSER,2019-10-21T21:57:49,james.neligan@one-line.com,N
KLABA,BOLLORE TRANSPORT  LOGISTICS UGANDA,LONHQ,2018-02-06T08:48:00,MIGUSER,2021-05-04T22:21:26,james.neligan@one-line.com,N
CPTBB,OCEAN NETWORK EXPRESS (SOUTH AFRICA) PTY LTD - CAPE TOWN,LONHQ,2018-02-06T08:48:00,MIGUSER,2019-09-02T22:42:12,fernanda.mendes@one-line.com,N
DURBB,OCEAN NETWORK EXPRESS (SOUTH AFRICA) PTY LTD - DURBAN,CPTBB,2018-02-06T08:48:00,MIGUSER,2019-09-02T22:41:54,fernanda.mendes@one-line.com,N
ELSBB,OCEAN NETWORK EXPRESS (SOUTH AFRICA) PTY LTD - EAST LONDON,CPTBB,2018-02-06T08:48:00,MIGUSER,2019-08-21T18:53:08,izabel.osude@one-line.com,N
JNBBB,OCEAN NETWORK EXPRESS (SOUTH AFRICA) PTY LTD - JOHANNESBURG,CPTBB,2018-02-06T08:48:00,MIGUSER,2019-08-21T18:50:57,izabel.osude@one-line.com,N
PLZBB,OCEAN NETWORK EXPRESS (SOUTH AFRICA) PTY LTD - PORT ELIZABETH,CPTBB,2018-02-06T08:48:00,MIGUSER,2023-10-05T17:56:55,james.neligan@one-line.com,N
HREBA,ALRO SHIPPING (PVT) LTD - HARARE - ZIMBABWE,LONHQ,2018-02-06T08:48:00,MIGUSER,2019-10-21T21:49:46,james.neligan@one-line.com,N
HKGHQ,Ocean Network Express (East Asia) Ltd. - Hong Kong,SINHO,2018-02-06T08:48:00,MIGUSER,2023-01-17T11:30:36,phoebe.tse@one-line.com,N
HKGBB,Ocean Network Express (East Asia) Ltd. - Hong Kong,HKGHQ,2018-02-06T08:48:00,MIGUSER,2022-12-18T20:58:56,phoebe.tse@one-line.com,N
AUHBA,Kanoo Group L L C,DXBBB,2018-02-06T08:48:00,MIGUSER,2018-03-23T17:46:15,angie.tan@one-line.com,N
DXBBB,Ocean Network Express LLC,SINHQ,2018-02-06T08:48:00,MIGUSER,2021-10-22T09:52:36,jinzhuang.pang@one-line.com,N
SHJBA,SHARAF SHIPPING AGENCY LLC,DXBBB,2018-02-06T08:48:00,MIGUSER,2018-03-23T17:46:36,angie.tan@one-line.com,N
PPGBA,"TRANSAM PAGO PAGO, PAGO PAGO",SINHQ,2018-02-06T08:48:00,MIGUSER,2018-02-23T17:22:42,angie.tan@one-line.com,N
BNEBB,Ocean Network Express (Australia) Pty Ltd - Brisba,SYDBB,2018-02-06T08:48:00,MIGUSER,2021-10-22T09:41:23,jinzhuang.pang@one-line.com,N
ADLBB,Ocean Network Express (Australia) Pty Ltd - Adelai,SYDBB,2018-02-06T08:48:00,MIGUSER,2021-10-22T09:39:33,jinzhuang.pang@one-line.com,N
SYDBB,Ocean Network Express (Australia) Pty Ltd - Sydney,SINHQ,2018-02-06T08:48:00,MIGUSER,2021-10-22T09:41:35,jinzhuang.pang@one-line.com,N
MELBB,Ocean Network Express (Australia) Pty Ltd - Melbou,SYDBB,2018-02-06T08:48:00,MIGUSER,2021-10-22T09:41:10,jinzhuang.pang@one-line.com,N
FREBB,Ocean Network Express (Australia) Pty Ltd - Freman,SYDBB,2018-02-06T08:48:00,MIGUSER,2021-10-22T09:40:55,jinzhuang.pang@one-line.com,N
CGPBB,Ocean Network Express (Bangladesh) Ltd.- Chittagon,DACBB,2018-02-06T08:48:00,MIGUSER,2022-01-26T09:49:25,jinzhuang.pang@one-line.com,N
DACBB,Ocean Network Express (Bangladesh) Ltd.- Dhakka,SINHQ,2018-02-06T08:48:00,MIGUSER,2022-01-26T09:49:10,jinzhuang.pang@one-line.com,N
KHLBB,Ocean Network Express (Bangladesh) Ltd.- Khulna,DACBB,2018-02-06T08:48:00,MIGUSER,2018-02-12T11:24:06,phoebe.tse@one-line.com,N
BHRBA,"GULF AGENCY COMPANY (BAHRAIN) W.L.L, BAHRAIN",SINHQ,2018-02-06T08:48:00,MIGUSER,2020-07-01T09:03:52,angie.tan@one-line.com,N
BRUBA,"INCHCAPE BORNEO SDN. BHD., MUARA",SINHQ,2018-02-06T08:48:00,MIGUSER,2018-10-04T12:10:07,angie.tan@one-line.com,N
CANBB,Ocean Network Express (China) Ltd. - Guangzhou,HKGBB,2018-02-06T08:48:00,MIGUSER,2020-08-10T11:58:38,SPRABEA1,N
CGOBB,Ocean Network Express (China) Ltd. - Zhengzhou,TAOBB,2018-02-06T08:48:00,MIGUSER,2018-03-27T10:16:35,driven.chen@one-line.com,N
CTUBB,Ocean Network Express (China) Ltd. - Chengdu,NKGBB,2018-02-06T08:48:00,MIGUSER,2018-03-27T10:17:29,driven.chen@one-line.com,N
DLCBB,Ocean Network Express (China) Ltd. - Dalian,SHABB,2018-02-06T08:48:00,MIGUSER,2018-05-22T17:55:31,jing.ding@one-line.com,N
HFEBB,Ocean Network Express (China) Ltd. - Hefei,NKGBB,2018-02-06T08:48:00,MIGUSER,2018-04-10T13:57:25,ciara.zhu@one-line.com,N
NBOBB,Ocean Network Express (China) Ltd. - Ningbo,SHABB,2018-02-06T08:48:00,MIGUSER,2018-05-22T17:57:16,jing.ding@one-line.com,N
WUHBB,Ocean Network Express (China) Ltd. - Wuhan,NKGBB,2018-02-06T08:48:00,MIGUSER,2018-03-27T10:17:06,driven.chen@one-line.com,N
CKGBB,Ocean Network Express (China) Ltd. - Chongqing,NKGBB,2018-02-06T08:48:00,MIGUSER,2018-03-27T10:17:20,driven.chen@one-line.com,N
NKGBB,Ocean Network Express (China) Ltd. - Nanjing,SHABB,2018-02-06T08:48:00,MIGUSER,2018-05-22T17:57:41,jing.ding@one-line.com,N
SHABB,Ocean Network Express (China) Ltd. - Shanghai,HKGHQ,2018-02-06T08:48:00,MIGUSER,2018-05-23T14:09:04,jing.ding@one-line.com,N
HGHBB,Ocean Network Express (China) Ltd. - Hangzhou,SHABB,2018-02-06T08:48:00,MIGUSER,2018-04-10T13:58:04,ciara.zhu@one-line.com,N
SIABB,Ocean Network Express (China) Ltd. - Xi'an,TAOBB,2018-02-06T08:48:00,MIGUSER,2018-03-27T10:16:49,driven.chen@one-line.com,N
SJWBB,Ocean Network Express (China) Ltd. - Shijiazhuang,TSNBB,2018-02-06T08:48:00,MIGUSER,2018-04-10T13:58:44,ciara.zhu@one-line.com,N
SZHBB,Ocean Network Express (China) Ltd. - Suzhou,SHABB,2018-02-06T08:48:00,MIGUSER,2022-01-10T16:55:54,phoebe.tse@one-line.com,N
SZPBB,Ocean Network Express (China) Ltd. - Shenzhen,HKGBB,2018-02-06T08:48:00,MIGUSER,2020-08-10T11:56:25,SPRABEA1,N
LYGBB,Ocean Network Express (China) Ltd. - Lianyungang,TAOBB,2018-02-06T08:48:00,MIGUSER,2018-03-27T10:16:10,driven.chen@one-line.com,N
TAOBB,OCEAN NETWORK EXPRESS (CHINA) LTD. - QINGDAO,SHABB,2018-02-06T08:48:00,MIGUSER,2018-05-22T17:56:46,jing.ding@one-line.com,N
TSNBB,OCEAN NETWORK EXPRESS (CHINA) LTD. - TIANJIN,SHABB,2018-02-06T08:48:00,MIGUSER,2018-05-19T16:06:38,jing.ding@one-line.com,N
XMNBB,Ocean Network Express (China) Ltd. - Xiamen,HKGHQ,2018-02-06T08:48:00,MIGUSER,2018-04-04T23:42:09,phoebe.tse@one-line.com,N
FOCBB,Ocean Network Express (China) Ltd. - Fuzhou,XMNBB,2018-02-06T08:48:00,MIGUSER,2018-04-04T23:40:42,phoebe.tse@one-line.com,N
ZHUBB,Ocean Network Express (China) Ltd. - Zhuhai,ZHOBB,2018-02-06T08:48:00,MIGUSER,2020-06-22T16:59:53,phoebe.tse@one-line.com,N
ZHOBB,Ocean Network Express (China) Ltd. - Zhongshan,HKGBB,2018-02-06T08:48:00,MIGUSER,2020-08-10T11:57:31,SPRABEA1,N
LAKBA,"CARPENTERS SHIPPING, LAUTOKA",SINHQ,2018-02-06T08:48:00,MIGUSER,2022-03-28T08:58:48,zac.kan@one-line.com,N
SUVBA,"CARPENTERS SHIPPING, SUVA",LAKBA,2018-02-06T08:48:00,MIGUSER,2022-03-28T08:56:47,zac.kan@one-line.com,N
GUMBA,"MARIANAS STEAMSHIP AGENCIES, INC., GUAM",SINHQ,2018-02-06T08:48:00,MIGUSER,2022-06-21T11:38:37,natasha.hayashi@one-line.com,N
BDOBB,PT Ocean Network Express Indonesia - Bandung,JKTBB,2018-02-06T08:48:00,MIGUSER,2021-10-22T09:48:17,jinzhuang.pang@one-line.com,N
BNDBB,PT Ocean Network Express Indonesia - Lampung,JKTBB,2018-02-06T08:48:00,MIGUSER,2023-07-06T14:42:52,phoebe.tse@one-line.com,N
BPNBA,"PT SAMUDERA AGENCIES INDONESIA, BALIKPAPAN",JKTBB,2018-02-06T08:48:00,MIGUSER,2023-07-06T14:44:38,phoebe.tse@one-line.com,N
BTMBB,PT Ocean Network Express Indonesia - Batam,JKTBB,2018-02-06T08:48:00,MIGUSER,2023-07-06T14:44:05,phoebe.tse@one-line.com,N
DPSBB,PT Ocean Network Express Indonesia - Bali,JKTBB,2018-02-06T08:48:00,MIGUSER,2021-10-22T09:48:29,jinzhuang.pang@one-line.com,N
PKUBA,"PT SAMUDERA INDONESIA TBK, PEKAN BARU",JKTBB,2018-02-06T08:48:00,MIGUSER,2021-10-22T11:03:54,jinzhuang.pang@one-line.com,N
PDGBA,"PT SAMUDERA AGENCIES INDONESIA, PADANG",JKTBB,2018-02-06T08:48:00,MIGUSER,2023-07-06T14:45:14,phoebe.tse@one-line.com,N
PLMBB,PT Ocean Network Express Indonesia - Palembang,JKTBB,2018-02-06T08:48:00,MIGUSER,2023-07-06T14:42:34,phoebe.tse@one-line.com,N
BDJBA,"PT SAMUDERA AGENCIES INDONESIA, BANJARMASIN",JKTBB,2018-02-06T08:48:00,MIGUSER,2023-07-06T14:45:37,phoebe.tse@one-line.com,N
PNKBA,PT SAMUDERA AGENCIES INDONESIA - PONTIANAK,JKTBB,2018-02-06T08:48:00,MIGUSER,2023-07-07T11:30:49,phoebe.tse@one-line.com,N
TPPBB,PT Ocean Network Express Indonesia - Tanjung Priok,JKTBB,2018-02-06T08:48:00,MIGUSER,2018-04-13T13:28:58,angie.tan@one-line.com,N
JKTBB,PT Ocean Network Express Indonesia - Jakarta,SINHQ,2018-02-06T08:48:00,MIGUSER,2019-08-08T17:24:04,angie.tan@one-line.com,N
MKSBA,"PT SAMUDERA AGENCIES INDONESIA, MAKASSAR",JKTBB,2018-02-06T08:48:00,MIGUSER,2023-09-18T09:10:41,zac.kan@one-line.com,N
SRIBA,"PT SAMUDERA AGENCIES INDONESIA, SAMARINDA",JKTBB,2018-02-06T08:48:00,MIGUSER,2023-07-06T14:44:22,phoebe.tse@one-line.com,N
MESBB,PT Ocean Network Express Indonesia - Medan,JKTBB,2018-02-06T08:48:00,MIGUSER,2023-07-06T14:43:31,phoebe.tse@one-line.com,N
SRGBB,PT Ocean Network Express Indonesia - Semarang,JKTBB,2018-02-06T08:48:00,MIGUSER,2023-07-06T14:43:15,phoebe.tse@one-line.com,N
SUBBB,PT Ocean Network Express Indonesia - Surabaya,JKTBB,2018-02-06T08:48:00,MIGUSER,2019-08-29T18:02:21,angie.tan@one-line.com,N
AMDBB,OCEAN NETWORK EXPRESS (INDIA) PRIVATE LIMITED - AHMEDABAD,MUMBB,2018-02-06T08:48:00,MIGUSER,2021-10-22T09:42:34,jinzhuang.pang@one-line.com,N
BLRBB,OCEAN NETWORK EXPRESS (INDIA) PRIVATE LIMITED- BANGALORE,MUMBB,2018-02-06T08:48:00,MIGUSER,2021-10-22T09:42:45,jinzhuang.pang@one-line.com,N
BRDBA,"OCEAN NETWORK EXPRESS (INDIA) PRIVATE LIMITED., BARODA",MUMBB,2018-02-06T08:48:00,MIGUSER,2021-10-22T11:01:08,jinzhuang.pang@one-line.com,N
CCUBB,OCEAN NETWORK EXPRESS (INDIA) PRIVATE LIMITED - KOLKATA,MUMBB,2018-02-06T08:48:00,MIGUSER,2021-10-22T09:43:59,jinzhuang.pang@one-line.com,N
COKBB,OCEAN NETWORK EXPRESS (INDIA) PRIVATE LIMITED - KOCHI,MUMBB,2018-02-06T08:48:00,MIGUSER,2023-02-20T12:01:04,zac.kan@one-line.com,N
DELBB,OCEAN NETWORK EXPRESS (INDIA) PRIVATE LIMITED - DELHI,MUMBB,2018-02-06T08:48:00,MIGUSER,2023-04-19T17:40:28,aaron.jk.lim@one-line.com,N
GINBB,OCEAN NETWORK EXPRESS (INDIA) PRIVATE LIMITED - GANDHIDHAM,MUMBB,2018-02-06T08:48:00,MIGUSER,2021-10-22T09:44:54,jinzhuang.pang@one-line.com,N
GOIBA,ASPINWALL  CO. LTD,MUMBB,2018-02-06T08:48:00,MIGUSER,2021-10-22T11:01:40,jinzhuang.pang@one-line.com,N
HYDBB,OCEAN NETWORK EXPRESS (INDIA) PRIVATE LIMITED - HYD,MUMBB,2018-02-06T08:48:00,MIGUSER,2021-10-22T09:45:18,jinzhuang.pang@one-line.com,N
LUHBB,OCEAN NETWORK EXPRESS (INDIA) PRIVATE LIMITED - LUDHIANA,MUMBB,2018-02-06T08:48:00,MIGUSER,2021-10-22T09:45:30,jinzhuang.pang@one-line.com,N
MAABB,OCEAN NETWORK EXPRESS (INDIA) PRIVATE LIMITED - CHENNAI,MUMBB,2018-02-06T08:48:00,MIGUSER,2022-12-15T13:08:11,zac.kan@one-line.com,N
MANBA,ORIENTAL EXIM AGENCY,MUMBB,2018-02-06T08:48:00,MIGUSER,2021-10-22T11:01:52,jinzhuang.pang@one-line.com,N
MUMBB,OCEAN NETWORK EXPRESS (INDIA) PRIVATE LIMITED - MUMBAI,SINHQ,2018-02-06T08:48:00,MIGUSER,2021-10-22T09:46:00,jinzhuang.pang@one-line.com,N
NAGBA,"ANUBHAV KARGO PRIVATE LTD., NAGPUR",MUMBB,2018-02-06T08:48:00,MIGUSER,2021-10-22T11:02:06,jinzhuang.pang@one-line.com,N
PITBA,UNITED LINER SHIPPING SERVICES LLP,MUMBB,2018-02-06T08:48:00,MIGUSER,2022-01-12T18:30:15,jinzhuang.pang@one-line.com,N
PNQBB,OCEAN NETWORK EXPRESS (INDIA) PRIVATE LIMITED - PUNE,MUMBB,2018-02-06T08:48:00,MIGUSER,2021-10-22T09:46:23,jinzhuang.pang@one-line.com,N
TUTBB,OCEAN NETWORK EXPRESS (INDIA) PRIVATE LIMITED - TUTICORIN,MUMBB,2018-02-06T08:48:00,MIGUSER,2022-09-21T15:32:08,aaron.jk.lim@one-line.com,N
VTZBB,OCEAN NETWORK EXPRESS (INDIA) PRIVATE LIMITED - VISAKHAPATNAM,MUMBB,2018-02-06T08:48:00,MIGUSER,2021-12-08T16:03:43,jinzhuang.pang@one-line.com,N
VVABB,OCEAN NETWORK EXPRESS (INDIA) PRIVATE LIMITED - VERAVAL,MUMBB,2018-02-06T08:48:00,MIGUSER,2021-10-22T09:46:42,jinzhuang.pang@one-line.com,N
BSRBA,PENINSULAR MARINE SERVICE CO. LTD.,SINHQ,2018-02-06T08:48:00,MIGUSER,2018-02-22T18:48:10,angie.tan@one-line.com,N
AMMBA,GARGOUR SHIPPING COMPANY,SINHQ,2018-02-06T08:48:00,MIGUSER,2018-02-22T18:48:27,angie.tan@one-line.com,N
HIJBA,OCEAN NETWORK EXPRESS (JAPAN) LTD. - HIROSHIMA,TYOBB,2018-02-06T08:48:00,MIGUSER,2018-06-28T07:33:49,takayo.yamamoto@one-line.com,N
HKTBA,OCEAN NETWORK EXPRESS (JAPAN) LTD. - KYUSHU,TYOBB,2018-02-06T08:48:00,MIGUSER,2019-05-09T13:21:14,takayo.yamamoto@one-line.com,N
MOJBA,"GENEQ CORP., MOJI",TYOBB,2018-02-06T08:48:00,MIGUSER,2022-07-11T10:20:56,raymond.kwok@one-line.com,N
SBSBA,KYOSHIN GUMI,TYOBB,2018-02-06T08:48:00,MIGUSER,2020-06-22T17:04:47,phoebe.tse@one-line.com,N
NKNBA,"MAZDA LOGISTICS CO., LTD, NAKANOSEKI",TYOBB,2018-02-06T08:48:00,MIGUSER,2018-04-30T20:11:25,qinying.shum@one-line.com,N
HSMBA,"HAKKO UNYU CO., LTD.,",TYOBB,2018-02-06T08:48:00,MIGUSER,2020-06-26T11:29:34,phoebe.tse@one-line.com,N
NAHBA,"OTK COMPANY,LTD., NAHA",TYOBB,2018-02-06T08:48:00,MIGUSER,2018-08-14T18:53:21,takayo.yamamoto@one-line.com,N
TKYBA,"GENEQ CORP., TOKUYAMA",TYOBB,2018-02-06T08:48:00,MIGUSER,2020-06-22T17:02:27,phoebe.tse@one-line.com,N
MIZBA,"NAAKATANI KOUN CO.,LTD., MIZUSHIMA",TYOBB,2018-02-06T08:48:00,MIGUSER,2020-06-23T20:39:16,phoebe.tse@one-line.com,N
IYMBA,I-LINE LOGISTICS,TYOBB,2018-02-06T08:48:00,MIGUSER,2020-06-22T17:01:12,phoebe.tse@one-line.com,N
MYJBA,I-LINE LOGISTICS,TYOBB,2018-02-06T08:48:00,MIGUSER,2020-05-20T16:10:47,SPRKRIC1,N
NGOBB,OCEAN NETWORK EXPRESS (JAPAN) LTD. - NAGOYA,TYOBB,2018-02-06T08:48:00,MIGUSER,2023-10-19T15:25:50,phoebe.tse@one-line.com,N
YKKBA,JAPAN TRANSCITY CORPORATION,TYOBB,2018-02-06T08:48:00,MIGUSER,2022-07-11T10:23:01,raymond.kwok@one-line.com,N
TOYBA,"TOYAMASHINKO FUSHIKI KAIRIKU UNSO. CO., LTD.,",TYOBB,2018-02-06T08:48:00,MIGUSER,2020-06-23T20:39:39,phoebe.tse@one-line.com,N
OSABB,OCEAN NETWORK EXPRESS (JAPAN) LTD. - OSAKA,TYOBB,2018-02-06T08:48:00,MIGUSER,2019-05-16T15:29:16,shizuko.nomai@one-line.com,N
SDJBA,"KINKAI YUSEN KAISHA, LTD., SENDAI",TYOBB,2018-02-06T08:48:00,MIGUSER,2018-08-14T18:11:09,takayo.yamamoto@one-line.com,N
SMZBA,"SHIMIZU UNITED AGENCY CO., LTD",TYOBB,2018-02-06T08:48:00,MIGUSER,2018-02-18T16:22:10,takayo.yamamoto@one-line.com,N
KUHBA,"MITSUWA TRANSPORT CO., LTD., KUSHIRO",TYOBB,2018-02-06T08:48:00,MIGUSER,2018-04-30T20:31:13,qinying.shum@one-line.com,N
SPKBA,"DO NOT USE PLS USE TMKBA - NORTH STAR TRANSPORT CO.,LTD., SAPPORO",TYOBB,2018-02-06T08:48:00,MIGUSER,2020-06-23T19:31:57,phoebe.tse@one-line.com,N
NAOBA,"NAOETSU KAIRIKU UNSO CO., LTD., NAOETSU",TYOBB,2018-02-06T08:48:00,MIGUSER,2020-06-22T17:02:00,phoebe.tse@one-line.com,N
TMKBA,"NORTH STAR TRANSPORT CO.,LTD.,",TYOBB,2018-02-06T08:48:00,MIGUSER,2018-08-14T18:08:28,takayo.yamamoto@one-line.com,N
KIJBA,"RINKO CORPORATION., NIIGATA",TYOBB,2018-02-06T08:48:00,MIGUSER,2020-06-23T19:47:13,phoebe.tse@one-line.com,N
AXTBA,"AKITA KAIRIKU UNSO CO., LTD., AKITA",TYOBB,2018-02-06T08:48:00,MIGUSER,2020-06-22T17:02:56,phoebe.tse@one-line.com,N
TYOBB,OCEAN NETWORK EXPRESS (JAPAN) LTD. - TOKYO,HKGHQ,2018-02-06T08:48:00,MIGUSER,2018-07-10T17:14:17,shizuko.nomai@one-line.com,N
PNHBA,"ELEMENT SHIPPING CO., LTD.",SINHQ,2018-02-06T08:48:00,MIGUSER,2021-10-22T11:00:03,jinzhuang.pang@one-line.com,N
TRWBA,"SHIPPING AGENCIES OF KIRIBATI, TARAWA",SINHQ,2018-02-06T08:48:00,MIGUSER,2018-02-24T14:19:59,angie.tan@one-line.com,N
PUSBB,"Ocean Network Express (Korea) Co., Ltd. - Busan",SELBB,2018-02-06T08:48:00,MIGUSER,2023-06-13T18:06:45,phoebe.tse@one-line.com,N
SELBB,"Ocean Network Express (Korea) Co., Ltd. - Seoul",HKGHQ,2018-02-06T08:48:00,MIGUSER,2023-01-17T14:24:22,phoebe.tse@one-line.com,N
KWTBA,"GULF AGENCY COMPANY (KUWAIT) LTD., KUWAIT",SINHQ,2018-02-06T08:48:00,MIGUSER,2018-02-24T14:24:25,angie.tan@one-line.com,N
CMBBB,OCEAN NETWORK EXPRESS LANKA (PVT) LTD,SINHQ,2018-02-06T08:48:00,MIGUSER,2022-02-28T08:55:54,phoebe.tse@one-line.com,N
MAJBA,"CENTRAL PACIFIC MARITIME AGENCY, MAJURO",SINHQ,2018-02-06T08:48:00,MIGUSER,2018-02-24T14:32:06,angie.tan@one-line.com,N
YGNBB,ONE Ocean Network Express (Myanmar) Ltd - Yangon,SINHQ,2018-02-06T08:48:00,MIGUSER,2021-10-22T09:49:15,jinzhuang.pang@one-line.com,N
SPNBA,"SAIPAN SHIPPING COMPANY INC., SAIPAN",SINHQ,2018-02-06T08:48:00,MIGUSER,2022-06-21T11:36:37,natasha.hayashi@one-line.com,N
JHBBB,Ocean Network Express (Malaysia) Sdn. Bhd. - Johor,PKGBB,2018-02-06T08:48:00,MIGUSER,2021-10-22T09:49:04,jinzhuang.pang@one-line.com,N
PGUBB,"NYK LINE (MALAYSIA) SDN. BHD., PASIR GUDANG",PKGBB,2018-02-06T08:48:00,MIGUSER,2018-04-30T21:35:28,qinying.shum@one-line.com,N
PENBB,Ocean Network Express (Malaysia) Sdn. Bhd. - Penan,PKGBB,2018-02-06T08:48:00,MIGUSER,2021-10-22T09:48:53,jinzhuang.pang@one-line.com,N
PKGBB,Ocean Network Express (Malaysia) Sdn. Bhd. - Shah,SINHQ,2018-02-06T08:48:00,MIGUSER,2021-10-22T09:48:41,jinzhuang.pang@one-line.com,N
NOUBA,"AGENCE MARITIME DU ROND POINT DU PACIFIQUE, NOUME",SINHQ,2018-02-06T08:48:00,MIGUSER,2018-02-24T14:44:42,angie.tan@one-line.com,N
CHCBB,OCEAN NETWORK EXPRESS (NEW ZEALAND) LIMITED,AKLBB,2018-02-06T08:48:00,MIGUSER,2018-02-15T10:08:21,phoebe.tse@one-line.com,N
AKLBB,OCEAN NETWORK EXPRESS (NEW ZEALAND) LIMITED,SINHQ,2018-02-06T08:48:00,MIGUSER,2023-05-04T15:04:25,zac.kan@one-line.com,N
PSQBA,YUSUF BIN AHMED KANOO  CO.,SINHQ,2018-02-06T08:48:00,MIGUSER,2018-02-09T11:48:07,phoebe.tse@one-line.com,N
PPTBA,"PAPEETE SEAIRLAND TRANSPORTS, PAPEETE",SINHQ,2018-02-06T08:48:00,MIGUSER,2018-02-24T15:00:32,angie.tan@one-line.com,N
SFSBB,"Ocean Network Express Philippines, Inc. - Subic",MNLBB,2018-02-06T08:48:00,MIGUSER,2021-10-22T10:58:29,jinzhuang.pang@one-line.com,N
CEBBB,"Ocean Network Express Philippines, Inc. - Cebu",MNLBB,2018-02-06T08:48:00,MIGUSER,2021-10-22T09:50:23,jinzhuang.pang@one-line.com,N
CGYBB,"Ocean Network Express Philippines, Inc. - Cagayan",MNLBB,2018-02-06T08:48:00,MIGUSER,2021-10-22T09:50:48,jinzhuang.pang@one-line.com,N
DVOBB,"Ocean Network Express Philippines, Inc. - Davao",MNLBB,2018-02-06T08:48:00,MIGUSER,2021-10-22T09:50:36,jinzhuang.pang@one-line.com,N
GESBB,"Ocean Network Express Philippines, Inc. - General",MNLBB,2018-02-06T08:48:00,MIGUSER,2021-10-22T09:51:09,jinzhuang.pang@one-line.com,N
MNLBB,"Ocean Network Express Philippines, Inc. - Manila",SINHQ,2018-02-06T08:48:00,MIGUSER,2021-10-22T09:50:07,jinzhuang.pang@one-line.com,N
KHIBB,OCEAN NETWORK EXPRESS PAKISTAN (PRIVATE) LIMITED - KARACHI,SINHQ,2018-02-06T08:48:00,MIGUSER,2021-10-22T09:49:39,jinzhuang.pang@one-line.com,N
LHEBB,OCEAN NETWORK EXPRESS PAKISTAN (PRIVATE) LIMTED - LAHORE,KHIBB,2018-02-06T08:48:00,MIGUSER,2021-10-22T09:49:53,jinzhuang.pang@one-line.com,N
DOHBA,MILAHA (Q.S.C),SINHQ,2018-02-06T08:48:00,MIGUSER,2018-02-09T11:38:58,phoebe.tse@one-line.com,N
DMNBA,OCEAN NAVIGATION EXPRESS - DAMMAM,JEDBA,2018-02-06T08:48:00,MIGUSER,2021-10-22T11:04:16,jinzhuang.pang@one-line.com,N
RHUBA,"HAJI ABDULLAH ALIREZA & CO. LTD., RIYADH",JEDBA,2018-02-06T08:48:00,MIGUSER,2023-07-12T14:33:26,natasha.hayashi@one-line.com,N
JEDBA,OCEAN NAVIGATION EXPRESS - JEDDAH,SINHQ,2018-02-06T08:48:00,MIGUSER,2021-10-22T11:04:06,jinzhuang.pang@one-line.com,N
HIRBA,CARPENTERS SHIPPING AGENCY SOLOMON ISLANDS,SINHQ,2018-02-06T08:48:00,MIGUSER,2018-10-29T12:13:06,angie.tan@one-line.com,N
BKKBB,Ocean Network Express (Thailand) Ltd.,SINHQ,2018-02-06T08:48:00,MIGUSER,2021-10-22T09:52:04,jinzhuang.pang@one-line.com,N
LCBBB,Ocean Network Express (Thailand) Ltd. - Laem Chaba,BKKBB,2018-02-06T08:48:00,MIGUSER,2021-10-22T09:52:14,jinzhuang.pang@one-line.com,N
LKBBB,"NYK LINE (THAILAND) CO,. LTD., LAT KRABANG",BKKBB,2018-02-06T08:48:00,MIGUSER,2018-04-16T09:19:14,angie.tan@one-line.com,N
SGZBB,Ocean Network Express (Thailand) Ltd. - Hat Yai,BKKBB,2018-02-06T08:48:00,MIGUSER,2021-10-22T09:52:27,jinzhuang.pang@one-line.com,N
TBUBA,"DATELINE TRANSAM SHIPPING, NUKU'ALOFA",SINHQ,2018-02-06T08:48:00,MIGUSER,2018-02-24T15:36:34,angie.tan@one-line.com,N
TPEBB,"Ocean Network Express (Taiwan) Co., Ltd. - Taipei",HKGHQ,2018-02-06T08:48:00,MIGUSER,2019-01-18T17:23:26,angie.tan@one-line.com,N
KHHBB,"Ocean Network Express (Taiwan) Co., Ltd. - Kaohsiu",TPEBB,2018-02-06T08:48:00,MIGUSER,2019-01-18T17:38:52,angie.tan@one-line.com,N
TXGBB,"Ocean Network Express (Taiwan) Co., Ltd. - Taichun",TPEBB,2018-02-06T08:48:00,MIGUSER,2019-01-18T17:38:36,angie.tan@one-line.com,N
HPHBB,"OCEAN NETWORK EXPRESS (VIETNAM) CO., LTD. - HAI PHONG",SGNBB,2018-02-06T08:48:00,MIGUSER,2023-04-08T08:14:31,zac.kan@one-line.com,N
HANBB,"OCEAN NETWORK EXPRESS (VIETNAM) CO., LTD. - HA NOI",SGNBB,2018-02-06T08:48:00,MIGUSER,2023-04-08T08:14:02,zac.kan@one-line.com,N
DADBB,"OCEAN NETWORK EXPRESS (VIETNAM) CO., LTD. - DA NANG",SGNBB,2018-02-06T08:48:00,MIGUSER,2023-04-08T08:15:25,zac.kan@one-line.com,N
SGNBB,"OCEAN NETWORK EXPRESS (VIETNAM) CO., LTD. - HO CHI MINH CITY",SINHQ,2018-02-06T08:48:00,MIGUSER,2023-04-08T08:11:50,zac.kan@one-line.com,N
SNTBA,TROPICAL AGENCY LIMITED,VLIBA,2018-02-06T08:48:00,MIGUSER,2019-03-11T11:16:40,angie.tan@one-line.com,N
VLIBA,TROPICAL AGENCY LIMITED,SINHQ,2018-02-06T08:48:00,MIGUSER,2019-03-11T11:16:56,angie.tan@one-line.com,N
APWBA,"BETHAM BROTHERS ENTERPRISES LIMITED, APIA",SINHQ,2018-02-06T08:48:00,MIGUSER,2023-11-29T16:10:33,natasha.hayashi@one-line.com,N
MTYBA,"REPRESENTACIONES Y SERVICIOS LOGSTICOS SANMOR, S.A. DE C.V.",MEXBB,2018-02-08T00:48:43,giovana.monteiro@one-line.com,2022-03-29T21:24:43,claudio.azevedo@one-line.com,Y
POABA,"WILSON SONS, PORTO ALEGRE",SAOBB,2018-02-06T08:48:00,MIGUSER,2023-09-26T22:10:05,vitor.monteiro@one-line.com,Y
VIXBA,"WILSON SONS AGENCIA MARITIMA, VITORIA",SAOBB,2018-02-06T08:48:00,MIGUSER,2023-09-26T22:10:27,vitor.monteiro@one-line.com,Y
BOGBA,OCEAN NETWORK EXPRESS COLOMBIA - ONE COLOMBIA SAS,SAOHQ,2018-02-28T00:37:47,giovana.monteiro@one-line.com,2018-04-04T02:06:01,alessandra.tamashiro@one-line.com,Y
GYEBA,AGENCIA NAVIERA EXPRESS NETWORK OFFICE EXNETSA S.A..,SAOHQ,2018-02-06T08:48:00,MIGUSER,2023-08-03T21:17:19,vitor.monteiro@one-line.com,Y
MECBA,"TRANSOCEANICA CIA. LTDA., MANTA",GYEBB,2018-02-06T08:48:00,MIGUSER,2023-08-17T03:56:28,vitor.monteiro@one-line.com,Y
QITBA,AGENCIA NAVIERA EXPRESS NETWORK OFFICE EXNETSA S.A.,GYEBB,2018-02-06T08:48:00,MIGUSER,2023-08-17T03:57:00,vitor.monteiro@one-line.com,Y
MTYBB,"ONE OCEAN NETWORK EXPRESS SHIPPING MEXICO, S.A. DE C.V. MONTERREY",MEXBB,2018-02-06T08:48:00,MIGUSER,2023-09-26T22:09:37,vitor.monteiro@one-line.com,Y
BLBBA,"NORTON LILLY INTERNATIONAL, BALBOA",PANBB,2018-02-06T08:48:00,MIGUSER,2020-06-26T06:35:10,mariana.martelli@one-line.com,Y
CLLBB,"MERCATOR PERU, CALLAO",LIMBB,2018-02-06T08:48:00,MIGUSER,2018-04-25T14:14:57,CLTOPER,Y
PAIBB,"MERCATOR PERU, PAITA",LIMBB,2018-02-06T08:48:00,MIGUSER,2018-04-25T14:14:37,CLTOPER,Y
GLWBB,"NIPPON YUSEN KABUSHIKI KAISHA, GLASGOW",LIVBB,2018-02-06T08:48:00,MIGUSER,2018-04-09T17:12:29,clair.willis@one-line.com,Y
FRABB,"NIPPON YUSEN KABUSHIKI KAISHA, FRANKFURT",HAMBB,2018-02-06T08:48:00,MIGUSER,2018-04-09T17:12:03,clair.willis@one-line.com,Y
PARBB,"NYK GROUP EUROPE LTD. FRANCE, PARIS",LEHBB,2018-02-06T08:48:00,MIGUSER,2018-04-09T17:13:22,clair.willis@one-line.com,Y
ASHBA,"ALLALOUF & CO. SHIPPING LTD., ASHDOD",LONHQ,2018-02-06T08:48:00,MIGUSER,2020-01-13T21:22:43,maria.godinho@one-line.com,Y
MILBB,"NYK LINE (ITALY) S.P.A, MILAN",GOABB,2018-02-06T08:48:00,MIGUSER,2018-04-09T17:07:33,clair.willis@one-line.com,Y
OSLBA,"WILHELMSEN SHIPS SERVICE AS, OSLO",GOTBB,2018-02-06T08:48:00,MIGUSER,2018-04-09T17:12:45,clair.willis@one-line.com,Y
WAWBA,"YUSEN LOGISTICS (POLSKA) SP. Z O.O., WARSAW",GDYBB,2018-02-06T08:48:00,MIGUSER,2018-04-12T02:23:45,clair.willis@one-line.com,Y
LEIBA,"PINTO BASTO NAVEGACAO S.A., LEIXOES",LISBB,2018-02-06T08:48:00,MIGUSER,2018-04-09T17:13:04,clair.willis@one-line.com,Y
LTKBA,"HENRY HEALD SYRIA COMPANY, LATTAKIA - SYRIA",LONHQ,2018-02-06T08:48:00,MIGUSER,2021-10-11T16:58:16,james.neligan@one-line.com,Y
FJRBA,"GULF AGENCY CO. (FUJAIRAH), FUJAIRAH",DXBBB,2018-02-06T08:48:00,MIGUSER,2022-06-13T16:14:32,natasha.hayashi@one-line.com,Y
RKTBA,"GULF AGENCY CO. (RAS AL KHAIMAH), RAS AL KHAIMAH",DXBBB,2018-02-06T08:48:00,MIGUSER,2022-06-13T16:14:52,natasha.hayashi@one-line.com,Y
JMNBB,Ocean Network Express (China) Ltd. - Jiangmen,SZPBB,2018-02-06T08:48:00,MIGUSER,2020-06-22T17:00:14,phoebe.tse@one-line.com,Y
SUDBB,Ocean Network Express (China) Ltd. - Shunde,SZPBB,2018-02-06T08:48:00,MIGUSER,2020-06-23T09:15:20,phoebe.tse@one-line.com,Y
PHNBA,"PONAPE TRANSFER & STORAGE, INC., POHNPEI",SINHQ,2018-02-06T08:48:00,MIGUSER,2023-10-25T10:59:40,nanz.teo@one-line.com,Y
TKKBA,"TRUK TRANSPORTATION COMPANY, TRUK",PHNBA,2018-02-06T08:48:00,MIGUSER,2023-10-25T11:02:21,nanz.teo@one-line.com,Y
YAPBA,"WAAB TRANSPORTATION CO.,INC., YAP",PHNBA,2018-02-06T08:48:00,MIGUSER,2023-10-25T11:03:04,nanz.teo@one-line.com,Y
CBNBA,"PT SAMUDERA INDONESIA TBK, CIREBON",JKTBB,2018-02-06T08:48:00,MIGUSER,2018-04-05T10:27:26,angie.tan@one-line.com,Y
PNJBA,"PT SAMUDERA INDONESIA TBK, PANJANG",JKTBB,2018-02-06T08:48:00,MIGUSER,2018-04-05T10:11:37,angie.tan@one-line.com,Y
DJBBA,"PT SAMUDERA INDONESIA TBK, JAMBI",JKTBB,2018-02-06T08:48:00,MIGUSER,2021-10-22T11:03:17,jinzhuang.pang@one-line.com,Y
KTMBB,"NYK LINE (INDIA) PVT LTD-KATHMANDU, KATHMANDU",MUMBB,2018-02-06T08:48:00,MIGUSER,2022-08-22T21:08:12,koray.mertler@one-line.com,Y
ICDBB,ONE (Ocean Network Express) Line (India) Private L,MUMBB,2018-02-06T08:48:00,MIGUSER,2018-03-27T09:13:21,angie.tan@one-line.com,Y
NSABB,ONE (Ocean Network Express) Line (India) Private L,MUMBB,2018-02-06T08:48:00,MIGUSER,2018-03-27T09:13:36,angie.tan@one-line.com,Y
PAVBB,OCEAN NETWORK EXPRESS (INDIA) PRIVATE LIMITED - PIPAVAV,MUMBB,2018-02-06T08:48:00,MIGUSER,2020-10-27T14:26:11,angie.tan@one-line.com,Y
THRBA,Star Marine Services Ltd.,SINHQ,2018-02-06T08:48:00,MIGUSER,2022-06-13T16:14:01,natasha.hayashi@one-line.com,Y
MISBA,"KUWAIT AGENTS (I. S. A.), MENA SAUD",KWTBA,2018-02-06T08:48:00,MIGUSER,2022-06-13T16:15:10,natasha.hayashi@one-line.com,Y
SAABA,"KUWAIT AGENTS (I. S. A.), SHUAIBA",KWTBA,2018-02-06T08:48:00,MIGUSER,2022-06-13T16:15:23,natasha.hayashi@one-line.com,Y
MACBB,FULL TRANS SHIPPING COMPANY LIMITED,HKGHQ,2018-02-06T08:48:00,MIGUSER,2018-03-12T12:57:44,gerard.tay@one-line.com,Y
LDUBA,"WILHELMSEN SHIPS SERVICE MALAYSIA SDN BHD, LAHAD",PKGBB,2018-02-06T08:48:00,MIGUSER,2023-10-25T10:59:12,nanz.teo@one-line.com,Y
SBWBA,"INTERCARGO SHIPPING AGENCIES SDN BHD, SIBU",PKGBB,2018-02-06T08:48:00,MIGUSER,2023-10-25T11:01:56,nanz.teo@one-line.com,Y
KUABA,"LIRASHIP AGENCY SDN. BHD., KUANTAN",PKGBB,2018-02-06T08:48:00,MIGUSER,2023-10-25T10:57:47,nanz.teo@one-line.com,Y
BKIBA,"HARPER WIRA SDN.BHD., KOTA KINABALU",PKGBB,2018-02-06T08:48:00,MIGUSER,2023-10-25T10:56:34,nanz.teo@one-line.com,Y
KCHBA,"INTERCARGO (KUCHING) SDN BHD, KUCHIN",PKGBB,2018-02-06T08:48:00,MIGUSER,2023-10-25T10:55:55,nanz.teo@one-line.com,Y
LBUBA,"HARPER WIRA SDN.BHD., LABUAN",PKGBB,2018-02-06T08:48:00,MIGUSER,2023-10-25T10:57:59,nanz.teo@one-line.com,Y
TWUBA,"HARPER WIRA SDN.BHD., TAWAU",PKGBB,2018-02-06T08:48:00,MIGUSER,2023-10-25T11:02:36,nanz.teo@one-line.com,Y
BTUBA,"INTERCARGO SHIPPING AND FORWARDING SDN BHD , BINTUL",PKGBB,2018-02-06T08:48:00,MIGUSER,2023-10-25T10:56:47,nanz.teo@one-line.com,Y
SDKBA,"HARPER WIRA SDN.BHD., SANDAK",PKGBB,2018-02-06T08:48:00,MIGUSER,2023-10-25T11:02:09,nanz.teo@one-line.com,Y
NPEBA,"NYK LINE (NEW ZEALAND) LTD., NAPIER",AKLBB,2018-02-06T08:48:00,MIGUSER,2023-10-25T10:59:27,nanz.teo@one-line.com,Y
RAYBA,"(ALL MSGS VIA SALALAH AGENTS), RAYSUT",PSQBA,2018-02-06T08:48:00,MIGUSER,2022-06-13T16:14:16,natasha.hayashi@one-line.com,Y
SLLBA,"GULF AGENCY CO. (OMAN) L.L.C., SALALAH",PSQBA,2018-02-06T08:48:00,MIGUSER,2022-06-13T16:12:20,natasha.hayashi@one-line.com,Y
KROBA,"WESTERN PACIFIC SHIPPING COMPANY, KOROR",SINHQ,2018-02-06T08:48:00,MIGUSER,2023-10-25T10:57:06,nanz.teo@one-line.com,Y
UIHBA,"OCEAN NETWORK EXPRESS (VIETNAM) CO., LTD. - QUI NHON AGENCY",SGNBB,2018-02-06T08:48:00,MIGUSER,2023-10-25T11:02:48,nanz.teo@one-line.com,Y
MERBA,OCEAN NETWORK EXPRESS PTE.LTD. - MERSIN BRANCH,ISTBA,2019-01-11T11:44:22,phoebe.tse@one-line.com,2021-08-03T00:04:23,stanley.colaco@one-line.com,N
IZMBA,OCEAN NETWORK EXPRESS PTE.LTD. - IZMIR BRANCH,ISTBA,2019-01-11T11:46:33,phoebe.tse@one-line.com,2021-08-03T00:03:46,stanley.colaco@one-line.com,N
ISTBA,OCEAN NETWORK EXPRESS PTE.LTD. - ISTANBUL BRANCH,LONHQ,2019-01-11T11:40:43,phoebe.tse@one-line.com,2021-08-03T00:04:38,stanley.colaco@one-line.com,N
ARGBB,OCEAN NETWORK EXPRESS ARGENTINA S.A. - PPA,SAOHQ,2023-08-24T00:32:54,gabriele.oliveira@one-line.com,2023-08-25T11:38:58,christopher.gan@one-line.com,N
SOKBB,OCEAN NETWORK EXPRESS SHIPPING (EGYPT) - SOKHNA,CAIBB,2018-10-24T16:34:12,khalid.mahmood@one-line.com,2021-08-13T23:19:43,nozomi.sato@one-line.com,N
BELBA,UNITED LINER AGENCY (BELFAST),LONHQ,2018-10-16T18:53:03,yvonne.barrett@one-line.com,2020-03-30T18:31:01,james.neligan@one-line.com,N
GCMBB,OCEAN NETWORK EXPRESS (NORTH AMERICA) INC.,RICHQ,2022-04-20T03:23:42,rachel.estes@one-line.com,2022-05-26T04:25:31,rachel.estes@one-line.com,N
ITJBA,"WILSON SONS AGENCIA MARITIMA, ITAJAI",SAOBB,2020-03-28T06:05:01,sabrina.brito@one-line.com,2020-03-28T06:11:36,sabrina.brito@one-line.com,N
DUBBB,OCEAN NETWORK EXPRESS LTD - DUBLIN,LONHQ,2023-03-14T17:31:29,james.neligan@one-line.com,2023-05-18T17:05:05,james.neligan@one-line.com,N
ONNBA,HULL BLYTH NIGERIA LTD,LOSBB,2021-01-11T23:18:13,james.neligan@one-line.com,2021-09-22T21:34:46,daniel.smart@one-line.com,N
BUEBA,OCEAN NETWORK EXPRESS ARGENTINA S.A.,SAOHQ,2018-07-04T13:33:54,phoebe.tse@one-line.com,2019-01-04T18:22:25,phoebe.tse@one-line.com,Y
GYEBB,OCEAN NETWORK EXPRESS ECUADOR - ONE ECUADOR,SAOHQ,2022-04-23T02:58:01,sergio.marques@one-line.com,2023-09-19T03:40:00,larissa.penafiel@one-line.com,N
SMRBA,GERLEINCO SANTA MARTA,BOGBB,2019-11-28T04:20:12,marcelo.carreno@one-line.com,2021-03-13T04:41:45,marcelo.carreno@one-line.com,N
BAQBA,GERLEINCO BARRANQUILLA,BOGBB,2019-11-28T04:15:00,marcelo.carreno@one-line.com,2021-03-13T04:41:18,marcelo.carreno@one-line.com,N
BEFBB,OCEAN NETWORK EXPRESS LTD - BELFAST,DUBBB,2023-03-14T18:24:42,james.neligan@one-line.com,2023-08-02T14:47:48,SPRJERT1,N
RECBA,"WILSON SONS AGENCIA MARITIMA, RECIFE",SAOBB,2022-08-13T04:15:33,claudio.azevedo@one-line.com,2022-08-13T04:15:33,claudio.azevedo@one-line.com,N
POSBA,SAGA REUNION - LA POSSESSION - LA REUNION,LONHQ,2019-09-18T23:12:30,khalid.mahmood@one-line.com,2020-04-28T23:48:54,daniel.smart@one-line.com,N
OUABA,R- LOGISTICS BURKINA FASO SA,LONHQ,2021-10-20T18:09:11,greta.mccartin@one-line.com,2022-09-05T17:12:19,greta.mccartin@one-line.com,N
NIMBA,R- LOGISTICS NIGER SA,LONHQ,2021-10-20T18:05:25,greta.mccartin@one-line.com,2022-09-05T17:11:07,greta.mccartin@one-line.com,N
BKOBA,R- LOGISTICS MALI SA,LONHQ,2021-10-20T18:07:28,greta.mccartin@one-line.com,2022-09-05T17:11:59,greta.mccartin@one-line.com,N
CASBB,UNIVERSAL SHIPPING - CASABLANCA - MOROCCO,LONHQ,2021-10-28T22:43:29,stanley.colaco@one-line.com,2022-06-28T17:02:11,james.neligan@one-line.com,N
GUABB,OCEAN NETWORK EXPRESS GUATEMALA,SAOHQ,2023-11-16T09:31:20,sergio.marques@one-line.com,2023-11-16T09:31:20,sergio.marques@one-line.com,N
MBABB,OCEAN NETWORK EXPRESS KENYA LTD,LONHQ,2023-01-05T17:50:04,koray.mertler@one-line.com,2023-04-01T17:01:27,christopher.gan@one-line.com,N
